Reference,Description,Value,Package/Footprint,Mount,Manufacturer,Manufacturer Part Number,LCSC,Datasheet,Quantity,Supplier Link,Notes
C1,Electrolytic capacitor,100µF 16V,Radial THT,THT,Generic,,,,1,,"Bulk cap on switched 5V rail to GND. Spec: 100 uF, >=16 V, aluminium electrolytic, radial, <=10 mm dia, 5.0 mm pitch. No MPN - any equivalent."
C2,Electrolytic capacitor,470µF 16V,Radial THT,THT,Generic,,,,1,,"Coupling cap; blocks DC bias from Q1 emitter before RCA jack. 470µF not 100µF: into the 150Ω load (R5 75Ω + TV 75Ω) 100µF gives τ=15ms against the 16.7ms field period, which tilts the picture top-to-bottom. 470µF gives τ=70ms. Spec: 470 uF, >=16 V, aluminium electrolytic, radial, <=10 mm dia, 5.0 mm pitch. No MPN - any equivalent."
C3,Ceramic capacitor,100nF,0805 SMD,SMD,YAGEO,CC0805KRX7R9BB104,C49678,https://www.lcsc.com/datasheet/C49678.pdf,1,https://www.lcsc.com/product-detail/C49678.html,"X7R 16V+; U1 input decoupling - mount as close to U1 pin 1 as possible (TI datasheet requirement). Spec: 100 nF +/-10%, >=16 V, X7R, 0805 - any equivalent; the LCSC part above is a JLCPCB basic part."
D1,TVS diode (1500W unidirectional),1.5KE6.8A,DO-201AE THT,THT,Littelfuse,1.5KE6.8A,,https://www.littelfuse.com/assetdocs/littelfuse_tvs_diode_1_5ke_datasheet.pdf?assetguid=9d02c7d2-86a5-4bff-9251-966d6af02bf7,1,https://www.digikey.com/en/products/detail/littelfuse-inc/1-5KE6-8A/285842,"VWM 5.80V / VBR 6.45-7.14V @10mA / VC 10.5V @144.8A (Littelfuse figures; the part actually fitted). Vishay's equivalent is 1.5KE6.8A-E3/54 - the plain 1.5KE6.8A MPN is Littelfuse's. Littelfuse packages it DO-201AA/DO-27 rather than DO-201AE; the 15.24 mm footprint takes either. Cathode (banded end) toward +5V - the KiCad symbol names both pins A1/A2 and shows no polarity, but the footprint silkscreen has the band. Clamps above U1 absolute max 7V, so it protects the NES, not the eFuse."
F1,PTC resettable polyfuse,2A (IH=2.0A / IT=3.8A / VMAX=16V),Radial disc THT,THT,Littelfuse,RHEF200,,https://www.littelfuse.com/assetdocs/resettable-ptc-rhef-datasheet?assetguid=5c5a29fe-1611-4d65-b4ce-dc979c44d206,1,https://www.digikey.com/en/products/detail/littelfuse-inc/RHEF200/5130265,"Non-polarized; backup protection upstream of U1 eFuse. KiCad footprint field mislabeled as polarized cap footprint in v1 (fix in v2). Footprint: no KiCad footprint exists for the Littelfuse RHEF series. F1 uses Fuse:Fuse_Bourns_MF-RG300 - pads 5.24 mm centre-to-centre, 1.01 mm drills. The RHEF200's 0.51 mm leads at 5.05 +/-0.75 mm spacing fit that, but the Bourns part is a 3.0 A/5.1 A device and the silkscreen outline is its body, not the RHEF200's - don't use it for clearance."
J2,"RCA phono jack, right-angle PCB mount (audio)",Audio,"Right-angle THT, Switchcraft PJRA series",THT,Switchcraft,PJRAN1X1U03X,,https://www.switchcraft.com/assets/1/24/PJRAN1X1U__X_SERIES_CD.PDF,1,https://www.mouser.com/en/ProductDetail/Switchcraft/PJRAN1X1U03X?qs=mcPJWgAPNrc45bmxqO8nXw%3D%3D,Audio pass-through from J4 pin 2 - the board does not amplify audio. Sleeve to GND. Mouser 502-PJRAN1X1U03X. Red-bodied part; order the colour you want.
J3,"RCA phono jack, right-angle PCB mount (video)",Video,"Right-angle THT, Switchcraft PJRA series",THT,Switchcraft,PJRAN1X1U03X,,https://www.switchcraft.com/assets/1/24/PJRAN1X1U__X_SERIES_CD.PDF,1,https://www.mouser.com/en/ProductDetail/Switchcraft/PJRAN1X1U03X?qs=mcPJWgAPNrc45bmxqO8nXw%3D%3D,"Composite video output, fed from C2 through R5. Sleeve to GND - see the v1 fault where this sleeve was wired to the audio net."
J4,"Pin header 1x05, feed from the NES",Conn_01x05,2.54mm THT vertical,THT,Generic,,,,1,,"Connection to the console: 1=video in, 2=audio in, 3=+5V out to the NES, 4/5=GND. Was missing from this BOM until 2026-08-28. Spec: 1x05 pin header, 2.54 mm, vertical THT. Suggested: LCSC C492404 (PZ254V-11-05P)."
J5,Pin header 1x03,RGB conn feed,2.54mm THT vertical,THT,Generic,,,,1,,"Feed to the panel-mounted 8-pin mini-DIN RGB connector: 1=video/sync, 2=GND, 3=+5V. Connector itself ships with the NESRGB kit and mounts in the shell. Spec: 1x03 pin header, 2.54 mm, vertical THT. Suggested: LCSC C2937625 (PZ254V-11-03P)."
Q1,PNP transistor,2SA733,TO-92 THT,THT,UTC (Unisonic),2SA733L-P-T92-B,C5310429,https://www.unisonic.com.tw/uploadfiles/836/part_no_pdf/2SA733.pdf,1,https://www.lcsc.com/product-detail/C5310429.html,"Flat side facing viewer, leads down = E-C-B left to right. Base=video in (through R2), Emitter=R1/C2 node, Collector=GND. Replaces the 2SA1015/KSA1015, which are both End of Life (checked 2026-08-29): MCC 2SA1015-GR-AP is stocked at Mouser but EOL, and every onsemi KSA1015 reads Obsolete on DigiKey, available only through Rochester. The 2SA733 is in production, shares the E-C-B pin order exactly, and is a better part for a video buffer: fT 190 MHz typ vs 80 MHz, Cob 2-3 pF, PC 750 mW, same VCEO -50 V / IC -150 mA / VEBO -5 V. Rank P is hFE 200-400, which matches the ~46 uA base current measured on the bench, so the bias point does not move. DigiKey's Renesas 2SA733 is Rochester stock at $1.90 - buy the UTC part from LCSC at $0.035 instead. Do NOT substitute a 2N3906 or BC557 on this board: both are electrically fine here but put the BASE in the middle pin where this footprint wants the COLLECTOR, and no rotation fixes that. Pin order is a manufacturer's choice - check the datasheet of the brand you actually buy."
R1,Resistor,220Ω,THT,THT,Generic,,,,1,,"Q1 emitter load: one end +5V, other end to Q1 emitter/C2 node. Not both ends to +5V. Lowered from 300Ω for v2 to raise the drive current: at the assumed ~1.3V base, 300-330Ω supplies only ~6.2mA at peak white against the ~6.7mA the 150Ω load needs. 220Ω gives ~9.3mA and real headroom. Retune if the measured DC at J4.1 differs from ~1.3V. Spec: 220 ohm +/-5%, >=0.25 W, axial THT 7.62 mm pitch. No MPN - any equivalent."
R2,Resistor,330Ω,Axial THT DIN0207 P7.62mm,THT,Generic,,,,1,,"Series resistor between J4.1 (video in from NES) and Q1's base. Mirrors the 330Ω Nintendo places in the same position. Negligible signal loss against Q1's ~21kΩ base input impedance; limits fault current into the base-emitter junction, whose reverse rating is only 5V. New in v2. Spec: 330 ohm +/-5%, >=0.25 W, axial THT 7.62 mm pitch. No MPN - any equivalent."
R3,Resistor,5.1kΩ,THT,THT,Generic,,,,1,,"CC1 pulldown; measured 5.07kΩ. Spec: 5.1 kohm +/-5%, >=0.1 W, axial THT 7.62 mm pitch. No MPN - any equivalent."
R4,Resistor,5.1kΩ,THT,THT,Generic,,,,1,,"CC2 pulldown; measured 5.13kΩ. Spec: 5.1 kohm +/-5%, >=0.1 W, axial THT 7.62 mm pitch. No MPN - any equivalent."
R5,Resistor,75Ω,THT,THT,Generic,,,,1,,"Video series termination; populated on the fabbed v1 board. Spec: 75 ohm +/-1%, >=0.25 W, axial THT 7.62 mm pitch. No MPN - any equivalent."
R6,Resistor,22k,0805 SMD,SMD,UNI-ROYAL,0805W8F2202T5E,C17560,https://www.lcsc.com/datasheet/C17560.pdf,1,https://www.lcsc.com/product-detail/C17560.html,"Sets U1 current limit. I_OS = 25.9/R_ILIM(kohm) -> ~1.18A typ. Higher R = LOWER limit. Valid range 15k-232k. Spec: 22 kohm +/-1%, 0805 - keep the 1% tolerance, it sets the current limit. JLCPCB basic part."
R7,Resistor,75 Ohm,Axial THT DIN0207 P7.62mm,THT,Generic,,,,1,,"Series source termination for the mini-DIN RGB connector video pin (mirrors R5 for the RCA jack). Spec: 75 ohm +/-1%, >=0.25 W, axial THT 7.62 mm pitch. No MPN - any equivalent."
TP1-TP4,Test point (through-hole pad),,2.0mm pad / 1.0mm drill THT,-,Not a purchased part,,,,4,,"Not a purchased part — bare plated holes for bring-up (video, GND, +5V, audio). Optionally fit 0.64mm square header pins for scope grabbers."
U1,Current-limited power switch (eFuse),TPS2553DBVR,SOT-23-6 SMD,SMD,Texas Instruments,TPS2553DBVR,C55266,https://www.ti.com/lit/ds/symlink/tps2553.pdf,1,https://www.lcsc.com/product-detail/C55266.html,"Adjustable OCP between F1 and the 5V rail. EN (pin 3) active-high tied to IN. Auto-retry version (the -1 suffix is latch-off). FAULT (pin 4) left unconnected. Sourcing checked 2026-09-07: DigiKey 0 stock (all pack types), Mouser 0 stock with a 112-day factory lead. LCSC has 44,248 @ $0.298 - buy U1 from LCSC, and tell PCBWay to source it there rather than a Western distributor."
USB-C1,USB-C receptacle,USB4970-00-A,SMD,SMD,GCT,USB4970-00-A,,https://gct.co/files/drawings/usb4970.pdf,1,https://www.digikey.com/en/products/detail/gct/USB4970-00-A/28722813,"6-pin power-only (VBUS x2, GND x2, CC1, CC2); no data lines. Footprint: no KiCad USB4970 footprint exists. GCT's USB4970 drawing gives the same recommended land pattern as the USB4125 (pad centres 1.00/3.04/5.50 mm, shell holes 8.64 x 3.80 mm), verified 2026-08-28, so Connector_USB:USB_C_Receptacle_GCT_USB4125-xx-x is correct. Use the plain variant, not -0190: USB4970-00-A takes the 1.00 mm shell stake, -0190 is the 1.90 mm one. Sourcing checked 2026-09-07: DigiKey 5,956 cut-tape @ $0.32, tape-and-reel 4,000 @ MOQ 1,000. Not an LCSC part - this is the one SMD line PCBWay must buy in the West."
